ipo_id,name,segment,price_band_low,price_band_high,lot_size,issue_size_cr,ofs_fraction,open_date,close_date,listing_date,qib_sub,nii_sub,retail_sub,total_sub,issue_pe,peer_median_pe,promoter_litigation,listing_open,listing_close
AWHCL-2021-01-01,Antony Waste Handling Cell Limited,mainboard,313.0,315.0,,,,2020-12-21,2020-12-23,2021-01-01,0.89,0.26,0.38,0.5,,,false,436.1,407.35
INDIGOPNTS-2021-02-02,Indigo Paints Limited,mainboard,1488.0,1490.0,,,,2021-01-20,2021-01-22,2021-02-02,189.57,263.05,15.93,117.02,,,false,2607.5,3117.15
HOMEFIRST-2021-02-03,Home First Finance Company India Limited,mainboard,517.0,518.0,,,,2021-01-21,2021-01-25,2021-02-03,52.53,39.0,6.59,26.66,,,false,618.8,527.55
STOVEKRAFT-2021-02-05,Stove Kraft Limited,mainboard,384.0,385.0,,,,2021-01-25,2021-01-28,2021-02-05,8.02,32.72,26.04,18.03,,,false,498.0,445.95
RAILTEL-2021-02-26,RailTel Corporation of India Limited,mainboard,93.0,94.0,,,,2021-02-16,2021-02-18,2021-02-26,65.14105369165036,73.25109636047252,16.782717876280802,42.392421632401884,,,false,109.0,121.35
HERANBA-2021-03-05,Heranba Industries Limited,mainboard,626.0,627.0,,,,2021-02-23,2021-02-25,2021-03-05,67.4475892130489,271.15347197569713,11.840250841074582,83.29278468826601,,,false,900.0,812.6
MTARTECH-2021-03-15,MTAR Technologies Limited,mainboard,574.0,575.0,,,,2021-03-03,2021-03-05,2021-03-15,,,,0.0,,,false,1050.0,1082.5
EASEMYTRIP-2021-03-19,Easy Trip Planners Limited,mainboard,186.0,187.0,,,,2021-03-08,2021-03-10,2021-03-19,77.53251657041267,382.2061060034725,70.40219407097543,159.3288933814763,,,false,212.25,208.45
CRAFTSMAN-2021-03-25,Craftsman Automation Limited,mainboard,1488.0,1490.0,,,,2021-03-15,2021-03-17,2021-03-25,5.21152607739284,2.8372034128252284,3.433561239926258,3.813759879929111,,,false,1359.0,1435.6
LXCHEM-2021-03-25,Laxmi Organic Industries Limited,mainboard,129.0,130.0,,,,2021-03-15,2021-03-17,2021-03-25,175.42959157303056,217.62192291991795,20.059314506295507,106.78566231275265,,,false,155.5,164.45
SURYODAY-2021-03-26,Suryoday Small Finance Bank Limited,mainboard,303.0,305.0,,,,2021-03-17,2021-03-19,2021-03-26,2.1845937760681804,1.3120728472000864,3.090958920949816,2.3726323422233566,,,false,292.0,277.8
KALYANKJIL-2021-03-26,Kalyan Jewellers India Limited,mainboard,86.0,87.0,,,,2021-03-16,2021-03-18,2021-03-26,,,,0.0,,,false,73.95,75.2
NAZARA-2021-03-30,Nazara Technologies Limited,mainboard,1100.0,1101.0,,,,2021-03-17,2021-03-19,2021-03-30,103.77305557100459,389.89371671695335,75.29458440221379,175.45983169445228,,,false,1990.0,1592.0
BARBEQUE-2021-04-07,Barbeque-Nation Hospitality Limited,mainboard,498.0,500.0,,,,2021-03-24,2021-03-26,2021-04-07,5.111198924162792,3.0994957933492038,13.131643354510745,5.980769696190242,,,false,489.85,587.8
LODHA-2021-04-19,Macrotech Developers Limited,mainboard,483.0,486.0,,,,2021-04-07,2021-04-09,2021-04-19,3.0452733359914634,1.4379710716263527,0.40129002621497123,1.3582344595159912,,,false,436.0,465.25
CAMS-2021-05-07,Computer Age Management Services Limited,mainboard,1229.0,1230.0,,,,2020-09-21,2020-09-23,2021-05-07,73.18,111.85,5.55,46.99,,,false,2219.5,2207.4
SONACOMS-2021-06-24,Sona BLW Precision Forgings Limited,mainboard,285.0,291.0,,,,2021-06-14,2021-06-16,2021-06-24,3.4645678752926257,0.3872438312134468,1.570675687250548,2.280953647263381,,,false,301.0,361.2
SHYAMMETL-2021-06-24,Shyam Metalics and Energy Limited,mainboard,303.0,306.0,,,,2021-06-14,2021-06-16,2021-06-24,,,,0.0,,,false,380.0,376.15
DODLA-2021-06-28,Dodla Dairy Limited,mainboard,421.0,428.0,,,,2021-06-16,2021-06-18,2021-06-28,84.88022753620923,73.2578655232355,11.328941478927938,45.61408200156825,,,false,550.0,609.9
KIMS-2021-06-28,Krishna Institute of Medical Sciences Limited,mainboard,815.0,825.0,,,,2021-06-16,2021-06-18,2021-06-28,5.264265591810541,1.8852635332744765,2.894043473109487,3.861428163168257,,,false,1009.0,996.95
IPL-2021-07-05,India Pesticides Limited,mainboard,290.0,296.0,,,,2021-06-23,2021-06-25,2021-07-05,42.949256702761396,51.875744182297865,11.298813599714888,29.036853044313812,,,false,350.0,343.15
CLEAN-2021-07-19,Clean Science and Technology Limited,mainboard,880.0,900.0,,,,2021-07-07,2021-07-09,2021-07-19,156.37416377410386,206.4318551053053,8.998646147763672,93.41305368459794,,,false,1755.0,1585.25
GRINFRA-2021-07-19,G R Infraprojects Limited,mainboard,828.0,837.0,,,,2021-07-07,2021-07-09,2021-07-19,168.57808095833772,238.0446153628004,12.573423573866437,102.57830930497019,,,false,1715.85,1747.1
ZOMATO-2021-07-23,Zomato Limited,mainboard,72.0,76.0,,,,2021-07-14,2021-07-16,2021-07-23,51.789879949652,32.961334189033686,7.4502848844157326,38.25291303649776,,,false,116.0,126.0
TATVA-2021-07-29,Tatva Chintan Pharma Chem Limited,mainboard,1073.0,1083.0,,,,2021-07-16,2021-07-20,2021-07-29,185.23026912998972,512.218710254301,35.34892433263987,180.35857704233322,,,false,2111.85,2312.2
GLS-2021-08-06,Glenmark Life Sciences Limited,mainboard,695.0,720.0,,,,2021-07-27,2021-07-29,2021-08-06,36.96730065842774,122.53567064777265,14.63122337809371,44.167787800453034,,,false,750.0,748.5
ROLEXRINGS-2021-08-09,Rolex Rings Limited,mainboard,880.0,900.0,,,,2021-07-28,2021-07-30,2021-08-09,,,,0.0,,,false,1250.0,1167.0
DEVYANI-2021-08-16,Devyani International Limited,mainboard,86.0,90.0,,,,2021-08-04,2021-08-06,2021-08-16,95.27317127490436,213.05656962140998,39.52102056534861,116.70919739081874,,,false,140.9,123.5
KRSNAA-2021-08-16,Krsnaa Diagnostics Limited,mainboard,933.0,954.0,,,,2021-08-04,2021-08-06,2021-08-16,49.82641351054262,116.29753473835908,42.04303550957171,64.39846309788432,,,false,1005.55,987.0
WINDLAS-2021-08-16,Windlas Biotech Limited,mainboard,448.0,460.0,,,,2021-08-04,2021-08-06,2021-08-16,24.40440911991646,15.732705024906215,24.26906881862324,22.465547373217397,,,false,437.0,407.15
CARTRADE-2021-08-20,CarTrade Tech Limited,mainboard,1585.0,1618.0,,,,2021-08-09,2021-08-11,2021-08-20,35.448739397853956,40.99899742178757,2.746680067268183,20.287050921052387,,,false,1599.8,1501.05
APTUS-2021-08-24,Aptus Value Housing Finance India Limited,mainboard,346.0,353.0,,,,2021-08-10,2021-08-12,2021-08-24,32.409798235032696,33.90627744270205,1.3500232366198972,17.200584851755444,,,false,333.0,346.9
CHEMPLASTS-2021-08-24,Chemplast Sanmar Limited,mainboard,530.0,541.0,,,,2021-08-10,2021-08-12,2021-08-24,,,,0.0,,,false,550.0,535.6
VIJAYA-2021-09-14,Vijaya Diagnostic Centre Limited,mainboard,522.0,531.0,,,,2021-09-01,2021-09-03,2021-09-14,13.065256085270821,1.3243759274092946,1.091354839394346,4.5409209048627615,,,false,540.0,620.1
AMIORG-2021-09-14,Ami Organics Limited,mainboard,603.0,610.0,,,,2021-09-01,2021-09-03,2021-09-14,86.64364679322132,154.8095243851021,13.362575695754943,64.53901309347631,,,false,910.0,935.0
SANSERA-2021-09-24,Sansera Engineering Limited,mainboard,734.0,744.0,,,,2021-09-14,2021-09-16,2021-09-24,,,,,,,false,811.5,818.55
ABSLAMC-2021-10-11,Aditya Birla Sun Life AMC Limited,mainboard,695.0,712.0,,,,2021-09-29,2021-10-01,2021-10-11,,,,,,,false,715.0,699.45
NYKAA-2021-11-10,FSN Ecommerce Ventures Limited,mainboard,1085.0,1125.0,,,,2021-10-28,2021-11-01,2021-11-10,91.18,112.02,12.24,81.78,,,false,2018.0,2205.8
FINOPB-2021-11-12,FINO Payments Bank Limited,mainboard,560.0,577.0,,,,2021-10-29,2021-11-02,2021-11-12,,,,0.0,,,false,544.35,543.9
POLICYBZR-2021-11-15,PB Fintech Limited,mainboard,940.0,980.0,,,,2021-11-01,2021-11-03,2021-11-15,24.885265210321506,7.820779953848378,3.31262454664281,16.584985372992602,,,false,1150.0,1202.3
SJS-2021-11-15,S J S Enterprises Limited,mainboard,531.0,542.0,,,,2021-11-01,2021-11-03,2021-11-15,1.42,2.32,1.38,1.59,,,false,542.0,510.2
SAPPHIRE-2021-11-18,Sapphire Foods India Limited,mainboard,1120.0,1180.0,,,,2021-11-09,2021-11-11,2021-11-18,,,,,,,false,1350.0,1211.55
PAYTM-2021-11-18,One 97 Communications Limited,mainboard,2080.0,2150.0,,,,2021-11-08,2021-11-10,2021-11-18,,,,,,,false,1950.0,1560.8
LATENTVIEW-2021-11-23,Latent View Analytics Limited,mainboard,190.0,197.0,,,,2021-11-10,2021-11-12,2021-11-23,145.48,850.66,119.44,326.49,,,false,512.2,488.75
TARSONS-2021-11-26,Tarsons Products Limited,mainboard,635.0,662.0,,,,2021-11-15,2021-11-17,2021-11-26,,,,,,,false,682.0,818.4
GOCOLORS-2021-11-30,Go Fashion (India) Limited,mainboard,655.0,690.0,,,,2021-11-17,2021-11-22,2021-11-30,,,,,,,false,1310.0,1253.7
STARHEALTH-2021-12-10,Star Health and Allied Insurance Company Limited,mainboard,870.0,900.0,,,,2021-11-30,2021-12-02,2021-12-10,1.03,0.19,1.1,0.79,,,false,845.0,906.85
TEGA-2021-12-13,Tega Industries Limited,mainboard,443.0,453.0,,,,2021-12-01,2021-12-03,2021-12-13,,,,,,,false,760.0,726.05
ANANDRATHI-2021-12-14,Anand Rathi Wealth Limited,mainboard,530.0,550.0,,,,2021-12-02,2021-12-06,2021-12-14,,,,0.0,,,false,600.0,583.55
RATEGAIN-2021-12-17,RateGain Travel Technologies Limited,mainboard,405.0,425.0,,,,2021-12-07,2021-12-09,2021-12-17,8.42,42.04,8.08,17.41,,,false,360.0,340.05
SHRIRAMPPS-2021-12-20,Shriram Properties Limited,mainboard,113.0,118.0,,,,2021-12-08,2021-12-10,2021-12-20,1.85,4.82,12.72,4.6,,,false,90.0,99.6
MAPMYINDIA-2021-12-21,C.E. Info Systems Limited,mainboard,1000.0,1033.0,,,,2021-12-09,2021-12-13,2021-12-21,196.36,424.69,15.2,154.71,,,false,1565.0,1393.65
METROBRAND-2021-12-22,Metro Brands Limited,mainboard,485.0,500.0,,,,2021-12-10,2021-12-14,2021-12-22,8.49,3.02,1.13,3.64,,,false,437.0,493.35
MEDPLUS-2021-12-23,MedPlus Health Services Limited,mainboard,780.0,796.0,,,,2021-12-13,2021-12-15,2021-12-23,111.89,85.33,5.23,52.59,,,false,1040.0,1121.15
DATAPATTNS-2021-12-24,Data Patterns (India) Limited,mainboard,555.0,585.0,,,,2021-12-14,2021-12-16,2021-12-24,190.86,254.22,23.14,119.62,,,false,856.05,755.0
SUPRIYA-2021-12-28,Supriya Lifescience Limited,mainboard,265.0,274.0,,,,2021-12-16,2021-12-20,2021-12-28,31.83,161.22,56.01,71.51,,,false,421.0,390.85
CMSINFO-2021-12-31,CMS Info Systems Limited,mainboard,205.0,216.0,,,,2021-12-21,2021-12-23,2021-12-31,1.98,1.45,2.15,1.95,,,false,220.2,238.2
AGSTRA-2022-01-31,AGS Transact Technologies Limited,mainboard,166.0,175.0,,,,2022-01-19,2022-01-21,2022-01-31,2.6783066044817563,25.613303305776245,3.0792706573070556,7.793431009695796,,,false,175.0,161.05
AWL-2022-02-08,Adani Wilmar Limited,mainboard,218.0,230.0,,,,2022-01-27,2022-01-31,2022-02-08,0.11352282657713057,0.04845750913609935,0.530277566652026,0.2593647780856437,,,false,227.0,268.25
MANYAVAR-2022-02-16,Vedant Fashions Limited,mainboard,824.0,866.0,,,,2022-02-04,2022-02-08,2022-02-16,7.492472674154485,1.0733881041870847,0.39482140284013745,2.56812891636144,,,false,935.0,933.55
CAMPUS-2022-05-09,Campus Activewear Limited,mainboard,278.0,292.0,,,,2022-04-26,2022-04-28,2022-05-09,152.04288219895287,22.25337382198953,7.681755033657442,51.75322260223048,,,false,360.0,378.9
RAINBOW-2022-05-10,Rainbow Childrens Medicare Limited,mainboard,516.0,542.0,,,,2022-04-27,2022-04-29,2022-05-10,38.90459804643842,3.7312660329514666,1.3803212487439782,12.42547140899584,,,false,510.0,450.2
LICI-2022-05-17,Life Insurance Corporation of India,mainboard,902.0,949.0,,,,2022-05-04,2022-05-09,2022-05-17,2.8349470277124653,2.907171432737393,1.9916844636840743,2.9514604835458704,,,false,872.0,875.25
PRUDENT-2022-05-20,Prudent Corporate Advisory Services Limited,mainboard,595.0,630.0,,,,2022-05-10,2022-05-12,2022-05-20,1.2575216302995493,0.9943437501481831,1.291054444360521,1.2180273810459388,,,false,650.0,561.75
DELHIVERY-2022-05-24,Delhivery Limited,mainboard,462.0,487.0,,,,2022-05-11,2022-05-13,2022-05-24,2.6591672217848146,0.3008590099421102,0.5702559861118273,1.6261978957395693,,,false,495.2,536.35
PARADEEP-2022-05-27,Paradeep Phosphates Limited,mainboard,39.0,42.0,,,,2022-05-17,2022-05-19,2022-05-27,3.0139490953503074,0.8217859536264582,1.3726774077316062,1.7500582428278955,,,false,44.0,43.9
ETHOSLTD-2022-05-30,ETHOS Limited,mainboard,836.0,878.0,,,,2022-05-18,2022-05-20,2022-05-30,1.0638120554637547,1.4823306751778493,0.8357815883121215,1.0398730438544939,,,false,825.0,803.1
EMUDHRA-2022-06-01,eMudhra Limited,mainboard,243.0,256.0,,,,2022-05-20,2022-05-24,2022-06-01,4.0478048092590155,1.2847379469020959,2.611063996120332,2.7191467959267857,,,false,270.0,257.9
AETHER-2022-06-03,Aether Industries Limited,mainboard,610.0,642.0,,,,2022-05-24,2022-05-26,2022-06-03,17.574509659087393,2.5235104163777935,1.143936294284802,6.256239690651957,,,false,704.0,774.4
SYRMA-2022-08-26,Syrma SGS Technology Limited,mainboard,209.0,220.0,,,,2022-08-12,2022-08-18,2022-08-26,87.56209239497359,17.500047642750005,5.529005405643896,32.610647540930806,,,false,260.0,310.5
DREAMFOLKS-2022-09-06,Dreamfolks Services Limited,mainboard,308.0,326.0,,,,2022-08-24,2022-08-26,2022-09-06,70.52654633131446,37.66089651265971,43.65952340630865,56.67827640625597,,,false,508.7,462.4
HARSHA-2022-09-26,Harsha Engineers International Limited,mainboard,314.0,330.0,,,,2022-09-14,2022-09-16,2022-09-26,178.25648295934653,71.3220920334485,17.63118984516669,74.69927231681837,,,false,450.0,486.5
EMIL-2022-10-17,Electronics Mart India Limited,mainboard,56.0,59.0,,,,2022-10-04,2022-10-07,2022-10-17,169.54,63.59,19.71,71.93,,,false,90.0,84.5
TRACXN-2022-10-20,Tracxn Technologies Limited,mainboard,75.0,80.0,,,,2022-10-10,2022-10-12,2022-10-20,1.6621780860209436,0.7954498243441328,4.869619519965246,2.0089687148590714,,,false,84.5,93.25
FUSION-2022-11-15,Fusion Micro Finance Limited,mainboard,350.0,368.0,,,,2022-11-02,2022-11-04,2022-11-15,8.587886364193446,1.3755177810123291,0.5114859858057886,2.9489820717853714,,,false,359.5,324.8
BIKAJI-2022-11-16,Bikaji Foods International Limited,mainboard,285.0,300.0,,,,2022-11-03,2022-11-07,2022-11-16,80.63180570928051,7.096819162578017,4.771722277023504,26.67087274716659,,,false,322.8,317.45
MEDANTA-2022-11-16,Global Health Limited,mainboard,319.0,336.0,,,,2022-11-03,2022-11-07,2022-11-16,28.640411152610685,4.019530672994792,0.8846968920505048,9.584139384208303,,,false,401.0,415.3
FIVESTAR-2022-11-21,FiveStar Business Finance Limited,mainboard,450.0,474.0,,,,2022-11-09,2022-11-11,2022-11-21,1.7731297149440508,0.6140831273389609,0.11453611680132958,0.6954657301267613,,,false,468.8,490.0
ACI-2022-11-21,Archean Chemical Industries Limited,mainboard,386.0,407.0,,,,2022-11-09,2022-11-11,2022-11-21,,,,0.0,,,false,450.0,458.15
KAYNES-2022-11-22,Kaynes Technology India Limited,mainboard,559.0,587.0,,,,2022-11-10,2022-11-14,2022-11-22,98.47112816906804,21.206410155249134,4.100254632369411,34.15960809325779,,,false,778.0,689.95
INOXGREEN-2022-11-23,Inox Green Energy Services Limited,mainboard,61.0,65.0,,,,2022-11-11,2022-11-15,2022-11-23,1.0472636800882973,0.47373370180264895,4.699140155502196,1.5548239385587603,,,false,60.0,59.1
RUSTOMJEE-2022-11-24,Keystone Realtors Limited,mainboard,514.0,541.0,,,,2022-11-14,2022-11-16,2022-11-24,3.8359465051221946,3.0301535848056758,0.5271268330261667,2.008866704333027,,,false,555.0,556.85
DHARMAJ-2022-12-08,Dharmaj Crop Guard Limited,mainboard,216.0,237.0,,,,2022-11-28,2022-11-30,2022-12-08,48.21328972054243,52.28981449072454,21.53141657082854,35.487172703322976,,,false,266.05,266.3
UNIPARTS-2022-12-12,Uniparts India Limited,mainboard,548.0,577.0,,,,2022-11-30,2022-12-02,2022-12-12,67.1360932996546,17.86057077041208,4.626732206412715,25.322369433461965,,,false,575.0,539.65
SULA-2022-12-22,Sula Vineyards Limited,mainboard,340.0,357.0,,,,2022-12-12,2022-12-14,2022-12-22,4.133842716110054,1.508878634376518,1.64712582417384,2.3279919270846055,,,false,361.0,331.2
LANDMARK-2022-12-23,Landmark Cars Limited,mainboard,481.0,506.0,,,,2022-12-13,2022-12-15,2022-12-23,8.713350277447873,1.3170287988965805,0.586726044463511,3.064723777808589,,,false,471.0,458.4
AHL-2022-12-23,Abans Holdings Limited,mainboard,256.0,270.0,,,,2022-12-12,2022-12-15,2022-12-23,4.09951953125,1.4760625,0.4045651041666667,1.095509765625,,,false,273.0,218.4
KFINTECH-2022-12-29,KFin Technologies Limited,mainboard,347.0,366.0,,,,2022-12-19,2022-12-21,2022-12-29,4.167599454053345,0.2346337198605399,1.3647928201526522,2.585371362572326,,,false,367.0,363.85
ELIN-2022-12-30,Elin Electronics Limited,mainboard,234.0,247.0,,,,2022-12-20,2022-12-22,2022-12-30,4.508353071463197,3.291471652803454,2.201736232656358,3.0942842991245363,,,false,244.0,227.65
RADIANTCMS-2023-01-04,Radiant Cash Management Services Limited,mainboard,94.0,99.0,,,,2022-12-23,2022-12-27,2023-01-04,1.0124317335409265,0.659629955965124,0.2053195477085866,0.5332752459221088,,,false,103.0,104.9
DIVGIITTS-2023-03-14,Divgi TorqTransfer Systems Limited,mainboard,560.0,590.0,,,,2023-03-01,2023-03-03,2023-03-14,7.833849034706289,1.3962126931376657,4.306709004465225,5.436832994950284,,,false,620.0,605.2
AVALON-2023-04-18,Avalon Technologies Limited,mainboard,415.0,436.0,,,,2023-04-03,2023-04-06,2023-04-18,3.566899279899031,0.40822771753123693,0.8408745802622128,2.2098027417306607,,,false,436.0,398.0
RADIOCITY-2023-04-20,Music Broadcast Limited,mainboard,324.0,333.0,,,,2017-03-06,2017-03-08,2023-04-20,39.78,109.13,9.85,39.67,,,false,11.5,11.25
MANKIND-2023-05-09,Mankind Pharma Limited,mainboard,1026.0,1080.0,,,,2023-04-25,2023-04-27,2023-05-09,49.156946861548306,3.798205706371643,0.9169394796055745,15.31721269195689,,,false,1300.0,1422.3
IKIO-2023-06-16,IKIO Lighting Limited,mainboard,270.0,285.0,,,,2023-06-06,2023-06-08,2023-06-16,163.58163782894985,63.35345710734281,13.862827510782113,66.29557213134933,,,false,392.5,403.85
HMAAGRO-2023-07-04,HMA Agro Industries Limited,mainboard,555.0,585.0,,,,2023-06-20,2023-06-23,2023-07-04,,,,0.0,,,false,625.0,585.65
IDEAFORGE-2023-07-07,Ideaforge Technology Limited,mainboard,638.0,672.0,,,,2023-06-26,2023-06-30,2023-07-07,125.80553635298007,80.58342620444405,85.20372538900061,106.06347994243762,,,false,1300.0,1294.95
CYIENTDLM-2023-07-10,Cyient DLM Limited,mainboard,250.0,265.0,,,,2023-06-27,2023-06-30,2023-07-10,90.44444829578279,45.05094858463316,49.21994800693241,67.30797191211687,,,false,403.0,420.6
SENCO-2023-07-14,Senco Gold Limited,mainboard,301.0,317.0,,,,2023-07-04,2023-07-06,2023-07-14,180.93765542387519,64.98731737480509,15.457058179747232,73.35083557508476,,,false,430.0,405.3
UTKARSHBNK-2023-07-21,Utkarsh Small Finance Bank Limited,mainboard,23.0,25.0,,,,2023-07-12,2023-07-14,2023-07-21,124.85453893851236,81.64254883000778,72.10661740670677,101.91177910024945,,,false,40.0,48.0
NETWEB-2023-07-27,Netweb Technologies India Limited,mainboard,475.0,500.0,,,,2023-07-17,2023-07-19,2023-07-27,228.91289477388398,81.80550636219661,19.15137610077697,90.35848432545438,,,false,947.0,910.4
YATHARTH-2023-08-07,Yatharth Hospital and Trauma Care Services Limited,mainboard,285.0,300.0,,,,2023-07-26,2023-07-28,2023-08-07,85.0971782069734,37.221386635206045,8.34237596256171,36.156075168017,,,false,306.1,333.85
SBFC-2023-08-16,SBFC Finance Limited,mainboard,54.0,57.0,,,,2023-08-03,2023-08-07,2023-08-16,192.89498740811453,49.0916711308204,10.987855361357518,70.16302786870267,,,false,82.0,92.2
CONCORDBIO-2023-08-18,Concord Biotech Limited,mainboard,705.0,741.0,,,,2023-08-04,2023-08-08,2023-08-18,67.66811932691549,16.990681301532376,3.781512111434238,24.865101986170597,,,false,900.05,942.8
TVSSCS-2023-08-23,TVS Supply Chain Solutions Limited,mainboard,187.0,197.0,,,,2023-08-10,2023-08-14,2023-08-23,1.3532751665774627,2.354356265604272,7.609545398093901,2.7830043671577855,,,false,207.05,201.0
AEROFLEX-2023-08-31,Aeroflex Industries Limited,mainboard,102.0,108.0,,,,2023-08-22,2023-08-24,2023-08-31,194.73163185156034,126.13391012362659,34.40941055315469,97.10872759093323,,,false,190.0,163.25
VPRPL-2023-09-05,Vishnu Prakash R Punglia Limited,mainboard,94.0,99.0,,,,2023-08-24,2023-08-28,2023-09-05,171.69247572815533,111.03462783171521,32.014951456310676,87.81748974008208,,,false,165.0,145.7
RISHABH-2023-09-11,Rishabh Instruments Limited,mainboard,418.0,441.0,,,,2023-08-30,2023-09-01,2023-09-11,72.54015236061915,31.289681063469214,8.441514096810327,31.65144652218261,,,false,460.05,443.15
CREDITACC-2023-09-11,CreditAccess Grameen Limited,mainboard,1000.0,1000.0,,,,2023-08-24,2023-09-01,2023-09-11,5.52,0.98,0.88,2.22,,,false,1442.0,1460.95
JLHL-2023-09-18,Jupiter Life Line Hospitals Limited,mainboard,695.0,735.0,,,,2023-09-06,2023-09-08,2023-09-18,187.32291561309464,34.750324799554996,7.725496745744462,63.722439791417585,,,false,973.0,1075.75
RRKABEL-2023-09-20,R R Kabel Limited,mainboard,983.0,1035.0,,,,2023-09-13,2023-09-15,2023-09-20,52.256750483876914,13.230591898065182,2.1266002114452185,18.689235866423854,,,false,1180.0,1198.05
EMSLIMITED-2023-09-21,EMS Limited,mainboard,200.0,211.0,,,,2023-09-08,2023-09-12,2023-09-21,153.02469096503083,82.32046145999134,29.79035147749729,75.28270910840588,,,false,282.05,279.9
SAMHI-2023-09-22,SAMHI Hotels Limited,mainboard,119.0,126.0,,,,2023-09-14,2023-09-18,2023-09-22,8.818408933246463,1.2240360794237088,1.1084223738028394,5.325552710993254,,,false,134.5,143.4
ZAGGLE-2023-09-22,Zaggle Prepaid Ocean Services Limited,mainboard,156.0,164.0,,,,2023-09-14,2023-09-18,2023-09-22,16.73237696620942,8.846293301313564,5.93529656793717,12.567190643067402,,,false,164.0,158.35
KALAMANDIR-2023-09-27,Sai Silks (Kalamandir) Limited,mainboard,210.0,222.0,,,,2023-09-20,2023-09-22,2023-09-27,12.34736699774975,2.4711488567384112,0.8807820715576733,4.40308640664918,,,false,231.0,244.9
SIGNATURE-2023-09-27,Signatureglobal (India) Limited,mainboard,366.0,385.0,,,,2023-09-20,2023-09-22,2023-09-27,12.707465312461942,13.53681642808701,6.817017500319623,11.883193533226674,,,false,444.0,458.55
YATRA-2023-09-28,Yatra Online Limited,mainboard,135.0,142.0,,,,2023-09-15,2023-09-20,2023-09-28,2.053133146657174,0.4158523020358597,2.1072610478181772,1.6124315162038727,,,false,127.5,135.9
JSWINFRA-2023-10-03,JSW Infrastructure Limited,mainboard,113.0,119.0,,,,2023-09-25,2023-09-27,2023-10-03,57.08782311475241,15.986063925015781,10.31764808579412,37.37458446267906,,,false,143.0,157.3
MVGJL-2023-10-03,Manoj Vaibhav Gems N Jewellers Limited,mainboard,204.0,215.0,,,,2023-09-22,2023-09-26,2023-10-03,1.056768229778851,5.178693948123279,1.6617425360701785,2.248404063563793,,,false,215.0,215.5
UDS-2023-10-04,Updater Services Limited,mainboard,280.0,300.0,,,,2023-09-25,2023-09-27,2023-10-04,4.48224029881602,0.849812002128718,1.3865611640822753,2.8954377412864782,,,false,285.0,283.9
IRMENERGY-2023-10-26,IRM ENERGY LIMITED,mainboard,480.0,505.0,,,,2023-10-18,2023-10-20,2023-10-26,44.72606103552532,48.34414714033762,9.286732534283555,27.052632200188857,,,false,477.25,473.15
BLUEJET-2023-11-01,Blue Jet Healthcare Limited,mainboard,329.0,346.0,,,,2023-10-25,2023-10-27,2023-11-01,13.722628757644586,13.592419677970689,2.2378317811018276,7.952328323728801,,,false,380.0,413.4
CELLO-2023-11-06,Cello World Limited,mainboard,617.0,648.0,,,,2023-10-30,2023-11-01,2023-11-06,108.5675718031174,24.422143312003488,3.056771367320472,38.90475817932116,,,false,829.0,791.7
HONASA-2023-11-07,Honasa Consumer Limited,mainboard,308.0,324.0,,,,2023-10-31,2023-11-02,2023-11-07,11.50442037444696,4.0231022041664755,1.3464995716685415,7.613941397076781,,,false,330.0,337.1
ASKAUTOLTD-2023-11-15,ASK Automotive Limited,mainboard,268.0,282.0,,,,2023-11-07,2023-11-09,2023-11-15,142.4059817614255,35.47297128824276,5.702095374612548,51.13982056209346,,,false,303.3,310.1
FEDFINA-2023-11-30,Fedbank Financial Services Limited,mainboard,133.0,140.0,,,,2023-11-22,2023-11-24,2023-11-30,3.5066839034566897,1.4507045122755,1.8248410452385537,2.199660841225342,,,false,138.0,140.25
GANDHAR-2023-11-30,Gandhar Oil Refinery (India) Limited,mainboard,160.0,169.0,,,,2023-11-22,2023-11-24,2023-11-30,129.0005398125231,62.230049836913004,28.94878571543831,64.06588344723248,,,false,298.0,301.4
TATATECH-2023-11-30,Tata Technologies Limited,mainboard,475.0,500.0,,,,2023-11-22,2023-11-24,2023-11-30,203.405350256585,62.110047649103976,16.50329866546711,69.43254052863955,,,false,1200.0,1313.0
FLAIR-2023-12-01,Flair Writing Industries Limited,mainboard,288.0,304.0,,,,2023-11-22,2023-11-24,2023-12-01,115.59757210448046,33.37165865695162,13.00667166671639,46.68227209691569,,,false,501.0,450.9
INDIASHLTR-2023-12-20,India Shelter Finance Corporation Limited,mainboard,469.0,493.0,,,,2023-12-13,2023-12-15,2023-12-20,89.69876137129314,28.508087514359868,9.949205067343932,36.71169941077412,,,false,620.0,544.7
DOMS-2023-12-20,DOMS Industries Limited,mainboard,750.0,790.0,,,,2023-12-13,2023-12-15,2023-12-20,115.97291381319795,66.51387636563865,69.66865683444703,93.52153159857863,,,false,1400.0,1326.05
INOXINDIA-2023-12-21,INOX India Limited,mainboard,627.0,660.0,,,,2023-12-14,2023-12-18,2023-12-21,147.80371539809113,53.20227374418237,15.29507348328269,61.27765432393894,,,false,949.65,939.95
SURAJEST-2023-12-26,Suraj Estate Developers Limited,mainboard,340.0,360.0,,,,2023-12-18,2023-12-20,2023-12-26,24.310605455302728,18.904427706371486,9.298219104260273,15.64594447337818,,,false,340.0,334.5
MUTHOOTMF-2023-12-26,Muthoot Microfin Limited,mainboard,277.0,291.0,,,,2023-12-18,2023-12-20,2023-12-26,17.467464961318402,13.201954978652532,7.61359907561142,11.522434390118818,,,false,275.3,266.15
MUFTI-2023-12-27,Credo Brands Marketing Limited,mainboard,266.0,280.0,,,,2023-12-19,2023-12-21,2023-12-27,104.9499851285666,55.51587882022678,19.94375804323367,51.8538488055416,,,false,282.35,312.2
HAPPYFORGE-2023-12-27,Happy Forging Limited,mainboard,808.0,850.0,,,,2023-12-19,2023-12-21,2023-12-27,220.48026471262926,62.1682804284795,15.09011368252975,82.03778169246844,,,false,1000.0,1030.8
AZAD-2023-12-28,Azad Engineering Limited,mainboard,499.0,524.0,,,,2023-12-20,2023-12-22,2023-12-28,179.6600974348239,87.60854298495742,23.791781514480352,80.65131484124056,,,false,720.0,677.5
INNOVACAP-2023-12-29,Innova Captab Limited,mainboard,426.0,448.0,,,,2023-12-21,2023-12-26,2023-12-29,116.7304414521229,64.94507680204093,17.147194173670346,55.26206701689026,,,false,452.1,541.4
JYOTICNC-2024-01-16,Jyoti CNC Automation Limited,mainboard,315.0,331.0,,,,2024-01-09,2024-01-11,2024-01-16,44.13183462974043,36.480952787987576,26.174231415790523,38.53024464926129,,,false,370.0,434.2
MEDIASSIST-2024-01-23,Medi Assist Healthcare Services Limited,mainboard,397.0,418.0,,,,2024-01-15,2024-01-17,2024-01-23,40.137075485128,14.852389000971879,3.194946532870656,16.247864202336434,,,false,460.0,464.1
EPACK-2024-01-30,EPACK Durable Limited,mainboard,218.0,230.0,,,,2024-01-19,2024-01-24,2024-01-30,25.501818424686096,28.099575460107353,6.287138392761875,16.373056793816477,,,false,221.0,207.6
BLSE-2024-02-06,BLS E- Services Limited,mainboard,129.0,135.0,,,,2024-01-30,2024-02-01,2024-02-06,123.30246372154822,300.13898393399916,236.9972383847156,162.47420867868593,,,false,305.0,366.0
PARKHOTELS-2024-02-12,Apeejay Surrendra Park Hotels Limited,mainboard,147.0,155.0,,,,2024-02-05,2024-02-07,2024-02-12,75.13875185042313,52.407792874085935,30.35238518007339,59.65851616351383,,,false,186.0,203.55
RPTECH-2024-02-14,Rashi Peripherals Limited,mainboard,295.0,311.0,,,,2024-02-07,2024-02-09,2024-02-14,143.66274414941162,62.751130177576854,10.441650061212492,59.71398740307934,,,false,339.5,321.5
JSFB-2024-02-14,Jana Small Finance Bank Limited,mainboard,393.0,414.0,,,,2024-02-07,2024-02-09,2024-02-14,38.746378988904375,25.053648210497986,5.462133117708816,18.50451608515538,,,false,396.0,368.15
CAPITALSFB-2024-02-14,Capital Small Finance Bank Limited,mainboard,445.0,468.0,,,,2024-02-07,2024-02-09,2024-02-14,6.636086643399258,4.0501503665792145,2.4919140504249975,4.002067414858753,,,false,430.25,435.0
ENTERO-2024-02-16,Entero Healthcare Solutions Limited,mainboard,1195.0,1258.0,,,,2024-02-09,2024-02-13,2024-02-16,2.2809912320391255,0.217665021429566,1.334190974796358,1.5314308890784745,,,false,1228.7,1149.55
JUNIPER-2024-02-28,Juniper Hotels Limited,mainboard,342.0,360.0,,,,2024-02-21,2024-02-23,2024-02-28,2.958375940832481,0.8461435569219794,1.2773474171490609,2.0766710837638533,,,false,365.0,401.5
GPTHEALTH-2024-02-29,GPT Healthcare Limited,mainboard,177.0,186.0,,,,2024-02-22,2024-02-26,2024-02-29,17.299417850964748,11.017391031261164,2.4418559465288436,8.524487805115,,,false,215.0,200.7
EXICOM-2024-03-05,Exicom Telesystems Limited,mainboard,135.0,142.0,,,,2024-02-27,2024-02-29,2024-03-05,121.80179624204719,153.2225688696464,119.59117534700114,129.54477011601477,,,false,265.0,224.95
RKSWAMY-2024-03-12,R K Swamy Limited,mainboard,270.0,288.0,,,,2024-03-04,2024-03-06,2024-03-12,20.582451287610244,34.356562753953774,34.02570307589648,25.936238376882347,,,false,250.0,262.6
JGCHEM-2024-03-13,J G Chemicals Limited,mainboard,210.0,221.0,,,,2024-03-05,2024-03-07,2024-03-13,32.09139040286585,46.32833306493866,17.440889671931956,27.784845080878092,,,false,209.0,184.8
GOPAL-2024-03-14,Gopal Snacks Limited,mainboard,381.0,401.0,,,,2024-03-06,2024-03-11,2024-03-14,17.499952264490084,9.498301952322656,4.014381601410479,9.024107610079572,,,false,351.0,362.7
PVSL-2024-03-19,Popular Vehicles and Services Limited,mainboard,280.0,295.0,,,,2024-03-12,2024-03-14,2024-03-19,1.967063774206572,0.6584515728065764,1.0482424808920245,1.2349194699173298,,,false,289.2,276.15
KRYSTAL-2024-03-21,Krystal Integrated Services Limited,mainboard,680.0,715.0,,,,2024-03-14,2024-03-18,2024-03-21,7.332806482650934,43.90816153454736,3.3161119613860626,13.214558145365414,,,false,785.0,712.85
BHARTIHEXA-2024-04-12,Bharti Hexacom Limited,mainboard,542.0,570.0,,,,2024-04-03,2024-04-05,2024-04-12,48.574459555555556,10.516299733333334,2.8329010666666665,29.878314424242426,,,false,755.0,813.3
JNKINDIA-2024-04-30,JNK India Limited,mainboard,395.0,415.0,,,,2024-04-23,2024-04-25,2024-04-30,75.71781979089404,23.260004686981638,4.108861930114122,28.129417668671667,,,false,621.0,694.55
ANURAS-2024-05-10,Anupam Rasayan India Limited,mainboard,553.0,555.0,,,,2021-03-12,2021-03-16,2024-05-10,65.74143557334311,97.41918775055186,10.770623852378877,44.06194535472714,,,false,792.5,788.75
INDGN-2024-05-13,Indegene Limited,mainboard,430.0,452.0,,,,2024-05-06,2024-05-08,2024-05-13,197.5526624408716,55.07214333337421,7.951158580265393,69.9137681140091,,,false,655.0,570.9
TBOTEK-2024-05-15,TBO Tek Limited,mainboard,875.0,920.0,,,,2024-05-08,2024-05-10,2024-05-15,125.51028301802681,50.60273688164774,25.74483491153417,86.69905154269695,,,false,1426.0,1406.3
AADHARHFC-2024-05-15,Aadhar Housing Finance Limited,mainboard,300.0,315.0,,,,2024-05-08,2024-05-10,2024-05-15,72.78001679118054,16.50226688940862,2.4553462659472816,25.489531016349655,,,false,315.0,329.45
GODIGIT-2024-05-23,Go Digit General Insurance Limited,mainboard,258.0,272.0,,,,2024-05-15,2024-05-17,2024-05-23,12.562225433955959,7.236326758259691,4.266380571970237,9.60137235186816,,,false,286.0,306.0
AWFIS-2024-05-30,Awfis Space Solutions Limited,mainboard,364.0,383.0,,,,2024-05-22,2024-05-27,2024-05-30,116.95374873600625,129.80600874230643,54.583249441307984,108.55832378294883,,,false,435.0,421.75
IXIGO-2024-06-18,Le Travenues Technology Limited,mainboard,88.0,93.0,,,,2024-06-10,2024-06-12,2024-06-18,106.73412754676363,110.5295954623614,54.84865537442469,98.3355338537841,,,false,138.1,165.72
DEEDEV-2024-06-26,DEE Development Engineers Limited,mainboard,193.0,203.0,,,,2024-06-19,2024-06-21,2024-06-26,201.90972258244125,143.99547112950347,23.421671247279843,99.55752882044925,,,false,339.0,335.32
STANLEY-2024-06-28,Stanley Lifestyles Limited,mainboard,351.0,369.0,,,,2024-06-21,2024-06-25,2024-06-28,222.09756820867324,119.51630745276145,19.214322604980033,96.98086033627668,,,false,494.95,474.75
ABDL-2024-07-02,Allied Blenders and Distillers Limited,mainboard,267.0,281.0,,,,2024-06-25,2024-06-27,2024-07-02,50.37311732190923,32.39828577788263,4.512339303782003,23.54767312505853,,,false,320.0,317.9
EMCURE-2024-07-10,Emcure Pharmaceuticals Limited,mainboard,960.0,1008.0,,,,2024-07-03,2024-07-05,2024-07-10,195.83106522210554,48.321965280487724,7.209735987767899,67.86549502763447,,,false,1325.05,1359.15
BANSALWIRE-2024-07-10,Bansal Wire Industries Limited,mainboard,243.0,256.0,,,,2024-07-03,2024-07-05,2024-07-10,146.04539174944838,51.461646015474585,13.63959713536791,59.574547039160414,,,false,356.0,350.35
SANSTAR-2024-07-26,Sanstar Limited,mainboard,90.0,95.0,,,,2024-07-19,2024-07-23,2024-07-26,145.67810055865922,136.49659217877095,24.231620111731843,82.9873942537909,,,false,109.0,115.07
AKUMS-2024-08-06,Akums Drugs and Pharmaceuticals Limited,mainboard,646.0,679.0,,,,2024-07-30,2024-08-01,2024-08-06,90.09375741955908,42.21318539845162,21.298299970801025,63.55783825858437,,,false,725.0,796.25
CEIGALL-2024-08-08,Ceigall India Limited,mainboard,380.0,401.0,,,,2024-08-01,2024-08-05,2024-08-08,31.495671132028292,14.41512775852889,3.765719610703121,13.779673691406023,,,false,419.0,386.75
OLAELEC-2024-08-09,Ola Electric Mobility Limited,mainboard,72.0,76.0,,,,2024-08-02,2024-08-06,2024-08-09,5.312557424982624,2.3973969226283374,3.9200319540794766,4.273596721998023,,,false,76.0,91.2
UNIECOM-2024-08-13,Unicommerce eSolutions Limited,mainboard,102.0,108.0,,,,2024-08-06,2024-08-08,2024-08-13,138.75165238018502,252.48064809714273,131.14556528279076,168.3857211959575,,,false,235.0,210.08
FIRSTCRY-2024-08-13,Brainbees Solutions Limited,mainboard,440.0,465.0,,,,2024-08-06,2024-08-08,2024-08-13,19.303391769035514,4.677949792565375,2.3099267369312466,12.216793713266286,,,false,651.0,679.1
INTERARCH-2024-08-26,Interarch Building Products Limited,mainboard,850.0,900.0,,,,2024-08-19,2024-08-21,2024-08-26,205.41460389061177,128.4187153302766,19.10979293539323,93.52983096330983,,,false,1299.0,1195.7
PREMIERENE-2024-09-03,Premier Energies Limited,mainboard,427.0,450.0,,,,2024-08-27,2024-08-29,2024-09-03,216.6703805699089,50.04183709003649,7.6871057401102885,74.37726110572554,,,false,990.0,839.9
ECOSMOBLTY-2024-09-04,Ecos (India) Mobility & Hospitality Limited,mainboard,318.0,334.0,,,,2024-08-28,2024-08-30,2024-09-04,136.8540188888889,71.22752592592593,19.792953015873017,64.26066603174603,,,false,390.0,443.15
STYLEBAAZA-2024-09-06,Baazar Style Retail Limited,mainboard,370.0,389.0,,,,2024-08-30,2024-09-03,2024-09-06,,,,0.0,,,false,389.0,400.0
BAJAJHFL-2024-09-16,Bajaj Housing Finance Limited,mainboard,66.0,70.0,,,,2024-09-09,2024-09-11,2024-09-16,209.35887043048828,41.5113548494183,7.040928997335209,63.61342051369837,,,false,150.0,165.0
KROSS-2024-09-16,Kross Limited,mainboard,228.0,240.0,,,,2024-09-09,2024-09-11,2024-09-16,23.32017818659706,22.23666093728055,10.760750753149104,16.808281767875542,,,false,240.0,259.81
PNGJL-2024-09-17,P N Gadgil Jewellers Limited,mainboard,456.0,480.0,,,,2024-09-10,2024-09-12,2024-09-17,136.84701257731274,56.08524906305817,16.580230826000715,59.40752171448429,,,false,830.0,793.3
ARKADE-2024-09-24,Arkade Developers Limited,mainboard,121.0,128.0,,,,2024-09-16,2024-09-19,2024-09-24,163.15733117826744,163.02107297722432,51.38974672533189,106.83278516203863,,,false,175.0,165.86
WCIL-2024-09-24,Western Carriers (India) Limited,mainboard,163.0,172.0,,,,2024-09-13,2024-09-19,2024-09-24,27.988792966652017,44.712871260673055,25.95263240416007,30.565441055157525,,,false,171.0,159.44
KRN-2024-10-03,KRN Heat Exchanger and Refrigeration Limited,mainboard,209.0,220.0,,,,2024-09-25,2024-09-27,2024-10-03,253.03687744472566,431.6273481860662,98.2936664405374,214.4218143363959,,,false,480.0,478.79
GARUDA-2024-10-15,Garuda Construction and Engineering Limited,mainboard,90.0,95.0,,,,2024-10-08,2024-10-10,2024-10-15,1.2442111075991422,9.033561630695443,10.812233401849948,7.553144503086734,,,false,105.0,106.36
HYUNDAI-2024-10-22,Hyundai Motor India Limited,mainboard,1865.0,1960.0,,,,2024-10-15,2024-10-17,2024-10-22,6.974024776493233,0.6014689490061141,0.5043728339660987,2.368731613300657,,,false,1934.0,1819.6
DBEIL-2024-10-28,Deepak Builders & Engineers India Limited,mainboard,192.0,203.0,,,,2024-10-21,2024-10-23,2024-10-28,13.905826988506519,82.4712703616966,39.78671774283484,41.5386793956236,,,false,200.0,161.95
WAAREEENER-2024-10-28,Waaree Energies Limited,mainboard,1427.0,1503.0,,,,2024-10-21,2024-10-23,2024-10-28,208.63105504391498,62.48543522103377,10.79213100157213,76.33859855676997,,,false,2500.0,2338.9
GODAVARIB-2024-10-30,Godavari Biorefineries Limited,mainboard,334.0,352.0,,,,2024-10-23,2024-10-25,2024-10-30,2.762007478122059,0.9013720414216349,1.7102826946224279,1.8287837971238181,,,false,308.0,343.2
SAGILITY-2024-11-12,Sagility India Limited,mainboard,28.0,30.0,,,,2024-11-05,2024-11-07,2024-11-12,3.516030163466448,1.929675036355172,4.162541882451796,3.203643575831687,,,false,31.06,29.32
SWIGGY-2024-11-13,Swiggy Limited,mainboard,371.0,390.0,,,,2024-11-06,2024-11-08,2024-11-13,6.0178161768152965,0.4118961927361532,1.1416698916298478,3.593211287138544,,,false,420.0,456.0
ACMESOLAR-2024-11-13,ACME Solar Holdings Limited,mainboard,275.0,289.0,,,,2024-11-06,2024-11-08,2024-11-13,3.538397581623935,0.9686050223438298,3.0973608561730845,2.7492542466247962,,,false,251.0,253.15
NIVABUPA-2024-11-14,Niva Bupa Health Insurance Company Limited,mainboard,70.0,74.0,,,,2024-11-07,2024-11-11,2024-11-14,2.0559657420002595,0.6750206081061231,2.726900946275922,1.8013325604947665,,,false,78.14,74.02
BLACKBUCK-2024-11-22,Zinka Logistics Solutions Limited,mainboard,259.0,273.0,,,,2024-11-13,2024-11-18,2024-11-22,2.7570409850554576,0.23713115429694523,1.6568418937209874,1.859226924656815,,,false,280.9,260.05
EIEL-2024-11-29,Enviro Infra Engineers Limited,mainboard,140.0,148.0,,,,2024-11-22,2024-11-26,2024-11-29,157.04879230523628,153.80136942772,24.482305757552062,89.89982986724515,,,false,220.0,207.07
SURAKSHA-2024-12-06,Suraksha Diagnostic Limited,mainboard,420.0,441.0,,,,2024-11-29,2024-12-03,2024-12-06,1.737249362731955,1.405370344635909,0.9458723046407036,1.2704439289298601,,,false,438.0,417.25
SAILIFE-2024-12-18,Sai Life Sciences Limited,mainboard,522.0,549.0,,,,2024-12-11,2024-12-13,2024-12-18,30.93444429003905,4.915350309076398,1.3653735270850154,10.264256713031687,,,false,650.0,764.65
MOBIKWIK-2024-12-18,One MobiKwik Systems Limited,mainboard,265.0,279.0,,,,2024-12-11,2024-12-13,2024-12-18,119.50361417725445,108.94972905441612,134.67491301789678,119.38369985215255,,,false,440.0,528.0
VMM-2024-12-18,Vishal Mega Mart Limited,mainboard,74.0,78.0,,,,2024-12-11,2024-12-13,2024-12-18,80.74583703169533,14.244949853067759,2.3097687619196656,27.277612666232194,,,false,104.0,111.93
IKS-2024-12-19,Inventurus Knowledge Solutions Limited,mainboard,1265.0,1329.0,,,,2024-12-12,2024-12-16,2024-12-19,80.64485258812981,23.269552416450026,14.654345586076186,52.699400971179095,,,false,1900.0,1960.85
IGIL-2024-12-20,International Gemmological Institute (India) Limited,mainboard,397.0,417.0,,,,2024-12-13,2024-12-17,2024-12-20,,,,0.0,,,false,510.0,471.15
SANATHAN-2024-12-27,Sanathan Textiles Limited,mainboard,305.0,321.0,,,,2024-12-19,2024-12-23,2024-12-27,75.6191652091358,42.20788652373196,8.933078728335495,35.11655658938679,,,false,422.3,388.35
CEWATER-2024-12-27,Concord Enviro Systems Limited,mainboard,665.0,701.0,,,,2024-12-19,2024-12-23,2024-12-27,17.316934977471174,14.198692786491517,5.564426934615246,10.674134797210806,,,false,826.0,827.1
TRANSRAILL-2024-12-27,Transrail Lighting Limited,mainboard,410.0,432.0,,,,2024-12-19,2024-12-23,2024-12-27,201.06089023701463,76.4080204174025,22.068449160160036,80.7976789395104,,,false,590.0,553.55
DAMCAPITAL-2024-12-27,DAM Capital Advisors Limited,mainboard,269.0,283.0,,,,2024-12-19,2024-12-23,2024-12-27,166.33479035586686,98.62402695394131,27.12853983890718,82.08201562998086,,,false,393.0,415.1
VENTIVE-2024-12-30,Ventive Hospitality Limited,mainboard,610.0,643.0,,,,2024-12-20,2024-12-24,2024-12-30,9.084710654997867,13.873597108012351,5.938341158298272,9.81844667061509,,,false,716.0,704.35
CARRARO-2024-12-30,Carraro India Limited,mainboard,668.0,704.0,,,,2024-12-20,2024-12-24,2024-12-30,2.2104985551160117,0.6009593546159856,0.711387957463591,1.1160419772707475,,,false,651.0,636.2
SENORES-2024-12-30,Senores Pharmaceuticals Limited,mainboard,372.0,391.0,,,,2024-12-20,2024-12-24,2024-12-30,94.65657656857418,96.29757931340384,90.46010632451089,93.68793584669422,,,false,600.0,557.05
UNIMECH-2024-12-31,Unimech Aerospace and Manufacturing Limited,mainboard,745.0,785.0,,,,2024-12-23,2024-12-26,2024-12-31,317.6286387870772,263.78165612558433,56.73938906388573,175.3122149783122,,,false,1460.0,1376.25
INDOFARM-2025-01-07,Indo Farm Equipment Limited,mainboard,204.0,215.0,,,,2024-12-31,2025-01-02,2025-01-07,242.39546033057852,503.82606280991735,104.92283376623377,229.67999043683588,,,false,256.0,273.69
SGLTL-2025-01-13,Standard Glass Lining Technology Limited,mainboard,133.0,140.0,,,,2025-01-06,2025-01-08,2025-01-13,331.59635308050036,268.5048711984904,64.99281032304248,183.1846436366152,,,false,172.0,163.28
QUADFUTURE-2025-01-14,Quadrant Future Tek Limited,mainboard,275.0,290.0,,,,2025-01-07,2025-01-09,2025-01-14,132.5408011541151,254.71255226581061,246.94323144104803,186.6608080449669,,,false,370.0,444.0
LAXMIDENTL-2025-01-20,Laxmi Dental Limited,mainboard,407.0,428.0,,,,2025-01-13,2025-01-15,2025-01-20,110.37992687818405,147.95457811764246,76.23496605713389,114.41938298873035,,,false,542.0,550.55
AGARWALEYE-2025-02-04,Dr. Agarwal's Health Care Limited,mainboard,382.0,402.0,,,,2025-01-29,2025-01-31,2025-02-04,4.63946222932393,0.3955507190478814,0.41483141199560036,1.554723173553304,,,false,402.0,401.65
PROTEAN-2025-02-06,Protean eGov Technologies Limited,mainboard,752.0,792.0,,,,2023-11-06,2023-11-08,2025-02-06,46.93704850190366,31.621519615957624,8.928727031948354,23.85759471989403,,,false,1535.0,1469.7
AJAXENGG-2025-02-17,Ajax Engineering Limited,mainboard,599.0,629.0,,,,2025-02-10,2025-02-12,2025-02-17,14.413356217197721,6.465599416295633,1.9278969231151903,6.446075642277521,,,false,576.0,595.4
HEXT-2025-02-19,Hexaware Technologies Limited,mainboard,674.0,708.0,,,,2025-02-12,2025-02-14,2025-02-19,9.092835368220564,0.20489413244862748,0.1059387893710446,2.656268397241256,,,false,745.5,762.55
QPOWER-2025-02-24,Quality Power Electrical Equipments Limited,mainboard,401.0,425.0,,,,2025-02-14,2025-02-18,2025-02-24,1.0286363831338738,1.4504182215931025,1.8315660790117103,1.2896550110550882,,,false,430.0,387.9
ATHERENERG-2025-05-06,Ather Energy Limited,mainboard,304.0,321.0,,,,2025-04-28,2025-04-30,2025-05-06,1.6959883968683906,0.6593306513217361,1.7786257056091956,1.4343986750409834,,,false,328.0,302.3
BELRISE-2025-05-28,Belrise Industries Limited,mainboard,85.0,90.0,,,,2025-05-21,2025-05-23,2025-05-28,108.34779643923137,38.329685396950126,4.2657239381641885,41.30287908158703,,,false,100.0,97.41
THELEELA-2025-06-02,Schloss Bangalore Limited,mainboard,413.0,435.0,,,,2025-05-26,2025-05-28,2025-06-02,7.460090610626002,1.022423462050884,0.8276074224834375,4.498457235801912,,,false,406.0,435.55
OSWALPUMPS-2025-06-20,Oswal Pumps Limited,mainboard,584.0,614.0,,,,2025-06-13,2025-06-17,2025-06-20,88.07571191226462,36.695929315367586,3.603123796885874,34.41950190526356,,,false,634.0,625.35
ARISINFRA-2025-06-25,Arisinfra Solutions Limited,mainboard,210.0,222.0,,,,2025-06-18,2025-06-20,2025-06-25,1.4223223595736412,3.1448981124504067,5.590054845928673,2.6498851020615293,,,false,205.0,174.38
ELLEN-2025-07-01,Ellenbarrie Industrial Gases Limited,mainboard,380.0,400.0,,,,2025-06-24,2025-06-26,2025-07-01,64.23074266099502,15.205645930589817,2.1444958179210722,22.19102536550607,,,false,486.0,534.6
KALPATARU-2025-07-01,Kalpataru Limited,mainboard,387.0,414.0,,,,2025-06-24,2025-06-26,2025-07-01,3.115397834806249,1.306698625606073,1.2948504969094818,2.2593976233604813,,,false,414.0,432.95
SAMBHV-2025-07-02,Sambhv Steel Tubes Limited,mainboard,77.0,82.0,,,,2025-06-25,2025-06-27,2025-07-02,62.31513903192585,31.819454693867574,7.99220008924428,28.45688457325413,,,false,110.0,97.59
HDBFS-2025-07-02,HDB Financial Services Limited,mainboard,700.0,740.0,,,,2025-06-25,2025-06-27,2025-07-02,55.4665087230569,9.985203799522662,1.4097816562778271,16.687509484517186,,,false,835.0,840.95
CRIZAC-2025-07-09,CRIZAC LIMITED,mainboard,233.0,245.0,,,,2025-07-02,2025-07-04,2025-07-09,134.34754583903248,76.15428536646291,10.24145333168711,59.82451167049433,,,false,281.05,307.63
TRAVELFOOD-2025-07-14,Travel Food Services Limited,mainboard,1045.0,1100.0,,,,2025-07-07,2025-07-09,2025-07-14,7.695692908160661,1.5834373446810412,0.6922048929809991,2.8805055632505026,,,false,1125.0,1074.8
SMARTWORKS-2025-07-17,Smartworks Coworking Spaces Limited,mainboard,387.0,407.0,,,,2025-07-10,2025-07-14,2025-07-17,24.407045672903084,22.779224375606894,3.531770007517092,13.450455054630782,,,false,435.0,445.05
ANTHEM-2025-07-21,Anthem Biosciences Limited,mainboard,540.0,570.0,,,,2025-07-14,2025-07-16,2025-07-21,182.65178684321256,42.355959662142645,5.641972418949378,63.86386595968721,,,false,723.05,730.35
EBGNG-2025-07-30,GNG Electronics Limited,mainboard,225.0,237.0,,,,2025-07-23,2025-07-25,2025-07-30,266.21137982311967,227.67238134218297,46.84209558715014,147.92923002367246,,,false,355.0,333.39
INDIQUBE-2025-07-30,Indiqube Spaces Limited,mainboard,225.0,237.0,,,,2025-07-23,2025-07-25,2025-07-30,14.352411392096537,8.27468364705564,12.89775012852543,12.406216696839664,,,false,216.0,217.97
BRIGHOTEL-2025-07-31,Brigade Hotel Ventures Limited,mainboard,85.0,90.0,,,,2025-07-24,2025-07-28,2025-07-31,5.424247831898468,1.9154081795316178,6.403740697345838,4.483233314099955,,,false,81.1,85.32
SHANTIGOLD-2025-08-01,Shanti Gold International Limited,mainboard,189.0,199.0,,,,2025-07-25,2025-07-29,2025-08-01,117.32808355437666,151.48355990274095,30.374194770746495,81.17016980863964,,,false,227.55,229.38
LAXMIINDIA-2025-08-05,Laxmi India Finance Limited,mainboard,150.0,158.0,,,,2025-07-29,2025-07-31,2025-08-05,1.2983714726984956,1.842362882899923,2.2192887876922724,1.871023448096389,,,false,137.52,134.11
CPPLUS-2025-08-05,Aditya Infotech Limited,mainboard,640.0,675.0,,,,2025-07-29,2025-07-31,2025-08-05,133.21245411643483,71.99642707823631,50.86839931667354,100.68798251993829,,,false,1015.0,1082.65
LOTUSDEV-2025-08-06,Sri Lotus Developers and Realty Limited,mainboard,140.0,150.0,,,,2025-07-30,2025-08-01,2025-08-06,163.90076870634857,57.71169594222123,20.278232911392404,69.1365911112131,,,false,178.0,195.67
MBEL-2025-08-06,M&B Engineering Limited,mainboard,366.0,385.0,,,,2025-07-30,2025-08-01,2025-08-06,36.720134802479535,38.24253154585714,32.54795421157182,36.20206098827869,,,false,385.0,408.65
ALLTIME-2025-08-14,All Time Plastics Limited,mainboard,260.0,275.0,,,,2025-08-07,2025-08-11,2025-08-14,10.148123006688508,13.469594554382772,5.144334049510705,8.343359000794306,,,false,311.3,283.3
JSWCEMENT-2025-08-14,JSW Cement Limited,mainboard,139.0,147.0,,,,2025-08-07,2025-08-11,2025-08-14,15.804498236929787,10.9747197869408,1.8126663021924867,7.773629740757719,,,false,153.5,146.07
BLUESTONE-2025-08-19,BlueStone Jewellery and Lifestyle Limited,mainboard,492.0,517.0,,,,2025-08-11,2025-08-13,2025-08-19,4.283180168317915,0.5518254862543154,1.348494333738922,2.70202025248115,,,false,510.0,546.0
REGAAL-2025-08-20,Regaal Resources Limited,mainboard,96.0,102.0,,,,2025-08-12,2025-08-14,2025-08-20,190.9680074881198,356.726571625146,57.74768053431712,159.8775363262955,,,false,141.0,131.58
GEMAROMA-2025-08-26,Gem Aromatics Limited,mainboard,309.0,325.0,,,,2025-08-19,2025-08-21,2025-08-26,55.2795200557496,45.05978352706382,10.307136224655808,30.27031423798115,,,false,333.1,319.05
SHREEJISPG-2025-08-26,Shreeji Shipping Global Limited,mainboard,240.0,252.0,,,,2025-08-19,2025-08-21,2025-08-26,110.41475088967971,72.70398576512456,21.94029486527707,58.09664463650229,,,false,270.0,255.1
VIKRAMSOLR-2025-08-26,Vikram Solar Limited,mainboard,315.0,332.0,,,,2025-08-19,2025-08-21,2025-08-26,142.78681150878825,50.89960012853048,7.652122489312598,54.63112485987613,,,false,338.0,356.4
MEIL-2025-08-28,Mangal Electrical Industries Limited,mainboard,533.0,561.0,,,,2025-08-20,2025-08-22,2025-08-28,10.541090172590117,18.790609254297756,4.8351743404696945,9.455890305923838,,,false,556.0,535.35
VIKRAN-2025-09-03,Vikran Engineering Limited,mainboard,92.0,97.0,,,,2025-08-26,2025-08-29,2025-09-03,19.45147095135631,58.58211341963855,10.967224845421606,23.594485570163723,,,false,99.0,95.71
URBANCO-2025-09-17,Urban Company Limited,mainboard,98.0,103.0,,,,2025-09-10,2025-09-12,2025-09-17,140.20155823872696,74.04336952392606,39.249317382840545,103.62716861913458,,,false,162.25,166.83
SHRINGARMS-2025-09-17,Shringar House of Mangalsutra Limited,mainboard,155.0,165.0,,,,2025-09-10,2025-09-12,2025-09-17,101.40974258649094,82.58468698517298,27.217988938573782,60.29123589562764,,,false,188.5,184.88
EUROPRATIK-2025-09-23,Euro Pratik Sales Limited,mainboard,235.0,247.0,,,,2025-09-16,2025-09-18,2025-09-23,1.0452742734382467,1.9202813011221542,1.2261616490535099,1.335207754214495,,,false,272.1,248.38
IVALUE-2025-09-25,Ivalue Infosolutions Limited,mainboard,284.0,299.0,,,,2025-09-18,2025-09-22,2025-09-25,3.1758032462847456,1.2638019043390527,1.2763019627861647,1.8163380312613782,,,false,284.95,281.85
GKENERGY-2025-09-26,GK Energy Limited,mainboard,145.0,153.0,,,,2025-09-19,2025-09-23,2025-09-26,186.2873341768818,122.72507131500015,20.79167380138718,89.61698733699211,,,false,171.0,167.74
GANESHCP-2025-09-29,Ganesh Consumer Products Limited,mainboard,306.0,322.0,,,,2025-09-22,2025-09-24,2025-09-29,4.177422019879565,4.337370922213885,1.146266889218974,2.6708221558066065,,,false,296.05,294.3
ATLANTAELE-2025-09-29,Atlanta Electricals Limited,mainboard,718.0,754.0,,,,2025-09-22,2025-09-24,2025-09-29,194.92103467111028,54.20498781538955,10.419322118454232,70.62660399523494,,,false,857.0,823.35
STYL-2025-09-30,Seshaasai Technologies Limited,mainboard,402.0,423.0,,,,2025-09-23,2025-09-25,2025-09-30,189.62863177916444,49.88656003853346,9.165936044794577,68.1327843673629,,,false,432.0,411.45
SOLARWORLD-2025-09-30,Solarworld Energy Solutions Limited,mainboard,333.0,351.0,,,,2025-09-23,2025-09-25,2025-09-30,70.42953515460943,64.72641487635731,49.15229997736959,65.00555115399652,,,false,388.5,323.5
JARO-2025-09-30,Jaro Institute of Technology Management and Research Limited,mainboard,846.0,890.0,,,,2025-09-23,2025-09-25,2025-09-30,35.35375704178021,35.47716491221034,8.709604437230018,22.05812530684288,,,false,890.0,744.25
ARSSBL-2025-09-30,Anand Rathi Share and Stock Brokers Limited,mainboard,393.0,414.0,,,,2025-09-23,2025-09-25,2025-09-30,43.804279530549344,28.60340122280904,4.781248195408294,20.65966193187303,,,false,432.0,445.55
JAINREC-2025-10-01,Jain Resource Recycling Limited,mainboard,220.0,232.0,,,,2025-09-24,2025-09-26,2025-10-01,25.28824400922381,5.297001300170709,3.6169493637423797,15.895851516667248,,,false,265.05,318.06
EPACKPEB-2025-10-01,Epack Prefab Technologies Limited,mainboard,194.0,204.0,,,,2025-09-24,2025-09-26,2025-10-01,5.0958230654721826,3.681202265794112,1.6913964093958376,3.0729267961822293,,,false,183.85,190.66
TRUALT-2025-10-03,TruAlt Bioenergy Limited,mainboard,472.0,496.0,,,,2025-09-25,2025-09-29,2025-10-03,159.21681990184896,98.5616069493777,10.9997236507624,71.91714505305524,,,false,545.4,530.95
PACEDIGITK-2025-10-06,Pace Digitek Limited,mainboard,208.0,219.0,,,,2025-09-26,2025-09-30,2025-10-06,1.601228225201602,2.903327481653754,1.0277133519227915,1.5940169282259231,,,false,225.0,217.99
GLOTTIS-2025-10-07,Glottis Limited,mainboard,120.0,129.0,,,,2025-09-29,2025-10-01,2025-10-07,1.8702526111971203,2.965937112886507,1.4182021550232535,2.0519789152505954,,,false,84.0,83.7
WEWORK-2025-10-10,WeWork India Management Limited,mainboard,615.0,648.0,,,,2025-10-03,2025-10-07,2025-10-10,1.7854895161737414,0.2260995758786478,0.610378276856277,1.1482410104642855,,,false,650.0,628.65
LGEINDIA-2025-10-14,LG Electronics India Limited,mainboard,1080.0,1140.0,,,,2025-10-07,2025-10-09,2025-10-14,166.50841094342383,22.445443045200474,3.5473471868518676,54.01977696009438,,,false,1710.1,1689.9
RUBICON-2025-10-16,Rubicon Research Limited,mainboard,461.0,485.0,,,,2025-10-09,2025-10-13,2025-10-16,130.25702962865333,97.60930469043379,35.47445893857566,103.89614157308696,,,false,620.0,628.2
CRAMC-2025-10-16,Canara Robeco Asset Management Company Limited,mainboard,253.0,266.0,,,,2025-10-09,2025-10-13,2025-10-16,25.915134403490487,6.4537510193023575,1.9098382860933492,9.74219012975825,,,false,280.25,300.45
MIDWESTLTD-2025-10-24,Midwest Limited,mainboard,1014.0,1065.0,,,,2025-10-15,2025-10-17,2025-10-24,139.87416006814095,168.07493378960794,24.261018313155276,87.88690793145702,,,false,1165.0,1140.5
ORKLAINDIA-2025-11-06,Orkla India Limited,mainboard,695.0,730.0,,,,2025-10-29,2025-10-31,2025-11-06,117.63276692395412,54.41947006254619,7.048154987280438,48.73162522101238,,,false,750.1,713.65
STUDDS-2025-11-07,Studds Accessories Limited,mainboard,557.0,585.0,,,,2025-10-30,2025-11-03,2025-11-07,159.98825474048692,76.9857986605224,22.085271152842676,73.25052235810097,,,false,565.0,560.3
LENSKART-2025-11-10,Lenskart Solutions Limited,mainboard,382.0,402.0,,,,2025-10-31,2025-11-04,2025-11-10,40.345825754837385,18.22669619789495,7.535013778005028,28.25591679343014,,,false,395.0,403.1
GROWW-2025-11-12,Billionbrains Garage Ventures Limited,mainboard,95.0,100.0,,,,2025-11-04,2025-11-07,2025-11-12,22.01538731035389,14.202203364188154,9.429929328443427,17.59625389054638,,,false,112.0,131.33
PINELABS-2025-11-14,Pine Labs Limited,mainboard,210.0,221.0,,,,2025-11-07,2025-11-11,2025-11-14,4.000458333812433,0.2953394948925775,1.221489060823098,2.461228230336569,,,false,242.0,250.89
PWL-2025-11-18,Physicswallah Limited,mainboard,103.0,109.0,,,,2025-11-11,2025-11-13,2025-11-18,2.704512169105457,0.4829052718898532,1.0558099860236738,1.8056904566296357,,,false,145.0,155.24
EMMVEE-2025-11-18,Emmvee Photovoltaic Power Limited,mainboard,206.0,217.0,,,,2025-11-11,2025-11-13,2025-11-18,1.2596021926923986,0.29939586590659134,1.1028496265965622,0.9692272802950871,,,false,217.0,219.4
TENNIND-2025-11-19,Tenneco Clean Air India Limited,mainboard,378.0,397.0,,,,2025-11-12,2025-11-14,2025-11-19,166.41685030731142,40.74123409293829,5.108269847834603,58.83206685332067,,,false,505.0,490.8
UTLSOLAR-2025-11-20,Fujiyama Power Systems Limited,mainboard,216.0,228.0,,,,2025-11-13,2025-11-17,2025-11-20,5.15106996971505,0.8839832420238479,1.0034061566961445,2.1378571576865735,,,false,220.0,208.44
CAPILLARY-2025-11-21,Capillary Technologies India Limited,mainboard,549.0,577.0,,,,2025-11-14,2025-11-18,2025-11-21,57.26880172724002,69.83511643233743,15.817968105880515,52.94916877698031,,,false,571.9,606.5
EXCELSOFT-2025-11-26,Excelsoft Technologies Limited,mainboard,114.0,120.0,,,,2025-11-19,2025-11-21,2025-11-26,47.55386472006328,101.68781923796935,15.619343767786036,43.18673861434757,,,false,135.0,125.97
SUDEEPPHRM-2025-11-28,Sudeep Pharma Limited,mainboard,563.0,593.0,,,,2025-11-21,2025-11-25,2025-11-28,213.07861390402678,116.71846488800585,15.650133280630644,93.71576762582151,,,false,730.0,774.15
VIDYAWIRES-2025-12-10,Vidya Wires Limited,mainboard,48.0,52.0,,,,2025-12-03,2025-12-05,2025-12-10,5.119235343246358,51.98219625992601,27.85787976787519,26.592395455495474,,,false,52.0,53.17
AEQUS-2025-12-10,Aequs Limited,mainboard,118.0,124.0,,,,2025-12-03,2025-12-05,2025-12-10,120.92263772827339,80.62033169018882,78.04948050874209,101.63346330005251,,,false,140.0,151.29
MEESHO-2025-12-10,Meesho Limited,mainboard,105.0,111.0,,,,2025-12-03,2025-12-05,2025-12-10,120.18222630251155,38.16378964047948,19.084775027713448,79.03440882734158,,,false,162.5,170.09
WAKEFIT-2025-12-15,Wakefit Innovations Limited,mainboard,185.0,195.0,,,,2025-12-08,2025-12-10,2025-12-15,3.0382774050672396,1.0541850248256877,3.1733404582305424,2.52171826275024,,,false,195.0,192.29
CORONA-2025-12-15,Corona Remedies Limited,mainboard,1008.0,1062.0,,,,2025-12-08,2025-12-10,2025-12-15,278.52140553660496,208.88446007393313,28.733465142481137,137.0423471121958,,,false,1470.0,1438.4
NEPHROPLUS-2025-12-17,Nephrocare Health Services Limited,mainboard,438.0,460.0,,,,2025-12-10,2025-12-12,2025-12-17,27.473437075693035,24.270893575445125,2.3072245988272555,13.960032728172864,,,false,490.0,471.25
PARKHOSPS-2025-12-17,Park Medi World Limited,mainboard,154.0,162.0,,,,2025-12-10,2025-12-12,2025-12-17,11.475494750106545,15.145396867483782,3.15663038627552,8.10247016477187,,,false,158.8,147.95
ICICIAMC-2025-12-19,ICICI Prudential Asset Management Company Limited,mainboard,2061.0,2165.0,,,,2025-12-12,2025-12-16,2025-12-19,123.86632933789825,22.037180819447652,2.534019638627297,39.16785352029751,,,false,2600.0,2585.9
KSHINTL-2025-12-23,KSH International Limited,mainboard,365.0,384.0,,,,2025-12-16,2025-12-18,2025-12-23,1.064657966641048,0.41649059277012307,0.8634315376752716,0.8251517026699641,,,false,370.0,355.0
GKSL-2025-12-30,Gujarat Kidney and Super Speciality Limited,mainboard,108.0,114.0,,,,2025-12-22,2025-12-24,2025-12-30,1.059797486178121,5.727224242424242,19.036509090909092,5.214312672376252,,,false,120.0,104.54
BHARATCOAL-2026-01-19,Bharat Coking Coal Limited,mainboard,21.0,23.0,,,,2026-01-09,2026-01-13,2026-01-19,310.81003423057007,258.1627152041834,49.330260942684994,146.86863248368263,,,false,45.0,40.58
AMAGI-2026-01-21,Amagi Media Labs Limited,mainboard,343.0,361.0,,,,2026-01-13,2026-01-16,2026-01-21,33.765860375457656,37.36398929074159,9.314272152940436,30.22058461364566,,,false,318.0,348.25
SHADOWFAX-2026-01-28,Shadowfax Technologies Limited,mainboard,118.0,124.0,,,,2026-01-20,2026-01-22,2026-01-28,3.8052782376758354,0.8400610634998781,2.305371720961635,2.720749869284926,,,false,112.6,109.98
FRACTAL-2026-02-16,Fractal Analytics Limited,mainboard,857.0,900.0,,,,2026-02-09,2026-02-11,2026-02-16,4.176542192244334,1.0560136960174529,1.0261830054536085,2.6631642855297493,,,false,876.0,847.15
AYE-2026-02-16,Aye Finance Limited,mainboard,122.0,129.0,,,,2026-02-09,2026-02-11,2026-02-16,1.4994814999880215,0.050218585360385606,0.7678091021185965,0.9711966443519763,,,false,129.0,128.91
CLEANMAX-2026-03-02,Clean Max Enviro Energy Solutions Limited,mainboard,1000.0,1053.0,,,,2026-02-23,2026-02-25,2026-03-02,2.829766203468829,0.5377094462540717,0.06364300266570523,0.9425489575857102,,,false,960.0,867.5
PNGSREVA-2026-03-04,PNGS Reva Diamond Jewellery Limited,mainboard,367.0,386.0,,,,2026-02-24,2026-02-26,2026-03-04,1.04261087474311,1.5392454666447533,1.286193528427932,1.2322969523687686,,,false,375.0,411.7
OMNI-2026-03-05,Omnitech Engineering Limited,mainboard,216.0,227.0,,,,2026-02-25,2026-02-27,2026-03-05,2.856553124977384,0.7308608057022016,0.3262713248296283,1.1439321963268956,,,false,202.0,204.93
SEDEMAC-2026-03-11,Sedemac Mechatronics Limited,mainboard,1287.0,1352.0,,,,2026-03-04,2026-03-06,2026-03-11,8.458711743169957,0.7721730400657114,0.19977449030969713,2.6826596748849925,,,false,1535.0,1451.1
RSL-2026-03-19,Rajputana Stainless Limited,mainboard,116.0,122.0,,,,2026-03-09,2026-03-11,2026-03-19,2.507,2.5944249512670567,0.26882205513784463,1.1205526315789474,,,false,122.0,113.03
INNOVISION-2026-03-23,Innovision Limited,mainboard,494.0,519.0,,,,2026-03-10,2026-03-17,2026-03-23,13.747855435241176,8.263983003528065,0.5789474569845934,3.323548194101104,,,false,467.7,374.2
GSPCROP-2026-03-24,GSP Crop Science Limited,mainboard,304.0,320.0,,,,2026-03-16,2026-03-18,2026-03-24,2.6585445268356214,3.0450866012032813,0.40451674858269976,1.6051475255234304,,,false,328.0,356.25
CMPDI-2026-03-30,Central Mine Planning & Design Institute Limited,mainboard,163.0,172.0,,,,2026-03-20,2026-03-24,2026-03-30,3.48250233426704,0.3489646839127808,0.33282771932302335,1.0492177542157803,,,false,160.0,154.06
AMIRCHAND-2026-04-02,Amir Chand Jagdish Kumar (Exports) Limited,mainboard,201.0,212.0,,,,2026-03-24,2026-03-27,2026-04-02,1.1140823580919335,12.705718113414523,1.3642143275923908,3.228758965092802,,,false,200.0,180.0
SAIPARENT-2026-04-02,Sai Parenteral's Limited,mainboard,372.0,392.0,,,,2026-03-24,2026-03-27,2026-04-02,1.7086781201192673,2.360933306056655,0.11598564453047633,1.0476552565202515,,,false,400.0,405.7
POWERICA-2026-04-02,Powerica Limited,mainboard,375.0,395.0,,,,2026-03-24,2026-03-27,2026-04-02,4.49903193306011,0.44202868852459015,0.14610089773614363,1.4525695748286405,,,false,366.0,390.0
KISSHT-2026-05-08,Onemi Technology Solutions Limited,mainboard,162.0,171.0,,,,2026-04-30,2026-05-05,2026-05-08,24.869835450561634,6.570053274594648,2.02650470496117,9.498234531496584,,,false,190.0,208.63
CMRGREEN-2026-06-10,CMR Green Technologies Limited,mainboard,182.0,192.0,,,,2026-06-03,2026-06-05,2026-06-10,270.4616345370705,172.34515223252703,27.033664607708246,127.04189754091425,,,false,268.0,241.2
TURTLEMINT-2026-06-29,Turtlemint Fintech Solutions Limited,mainboard,144.0,152.0,,,,2026-06-19,2026-06-23,2026-06-29,1.593453858288973,0.5247378509626084,1.0670984409272268,1.2019892603090925,,,false,134.9,135.37
BSE-2017-02-03,BSE Limited,mainboard,805.0,806.0,,,,2017-01-23,2017-01-25,2017-02-03,48.64,159.03,6.48,51.22,,,false,1085.0,1069.2
DMART-2017-03-21,Avenue Supermarts Limited,mainboard,295.0,299.0,,,,2017-03-08,2017-03-10,2017-03-21,144.62,277.74,7.51,104.59,,,false,600.0,641.6
SHANKARA-2017-04-05,Shankara Building Products Limited,mainboard,440.0,460.0,,,,2017-03-22,2017-03-24,2017-04-05,51.62,90.68,15.35,41.88,,,false,555.05,632.45
SCHAND-2017-05-09,S Chand and Company Limited,mainboard,660.0,670.0,,,,2017-04-26,2017-04-28,2017-05-09,44.27,204.65,6.07,59.49,,,false,700.0,676.0
HUDCO-2017-05-19,Housing and Urban Development Corporation Limited,mainboard,56.0,60.0,,,,2017-05-08,2017-05-11,2017-05-19,55.45,330.36,10.79,79.53,,,false,73.0,72.55
TEJASNET-2017-06-27,Tejas Networks Limited,mainboard,250.0,257.0,,,,2017-06-14,2017-06-16,2017-06-27,2.16,0.48,3.1,1.88,,,false,257.0,263.5
ERIS-2017-06-29,Eris Lifesciences Limited,mainboard,600.0,603.0,,,,2017-06-16,2017-06-20,2017-06-29,4.68,0.45,3.51,3.29,,,false,611.0,601.5
CDSL-2017-06-30,Central Depository Services (India) Limited,mainboard,145.0,149.0,,,,2017-06-19,2017-06-21,2017-06-30,148.71,563.03,23.83,170.16,,,false,250.0,261.6
GTPL-2017-07-04,GTPL Hathway Limited,mainboard,167.0,170.0,,,,2017-06-21,2017-06-23,2017-07-04,1.48,2.85,0.99,1.53,,,false,170.0,171.65
AUBANK-2017-07-10,AU Small Finance Bank Limited,mainboard,355.0,358.0,,,,2017-06-28,2017-06-30,2017-07-10,78.77,143.51,3.52,53.6,,,false,530.0,541.65
SIS-2017-08-10,Security and Intelligence Services (India) Limited,mainboard,805.0,815.0,,,,2017-07-31,2017-08-02,2017-08-10,5.64,1.66,19.51,7.07,,,false,879.8,757.05
COCHINSHIP-2017-08-11,Cochin Shipyard Limited,mainboard,424.0,432.0,,,,2017-08-01,2017-08-03,2017-08-11,63.52,288.87,8.51,76.19,,,false,440.15,528.15
DIXON-2017-09-18,Dixon Technologies (India) Limited,mainboard,1760.0,1766.0,,,,2017-09-06,2017-09-08,2017-09-18,134.66,345.61,10.6,117.83,,,false,2725.0,2891.55
BRNL-2017-09-18,Bharat Road Network Limited,mainboard,195.0,205.0,,,,2017-09-06,2017-09-08,2017-09-18,1.33,1.63,5.69,1.81,,,false,205.0,208.45
MATRIMONY-2017-09-21,Matrimony.com Limited,mainboard,983.0,985.0,,,,2017-09-11,2017-09-13,2017-09-21,1.88,0.41,18.16,4.44,,,false,985.0,904.65
CAPACITE-2017-09-25,Capacit'e Infraprojects Limited,mainboard,245.0,250.0,,,,2017-09-13,2017-09-15,2017-09-25,131.32,638.05,17.57,183.03,,,false,399.0,342.55
ICICIGI-2017-09-27,ICICI Lombard General Insurance Company Limited,mainboard,651.0,661.0,,,,2017-09-15,2017-09-19,2017-09-27,8.17,0.83,1.23,2.98,,,false,651.1,681.2
SBILIFE-2017-10-03,SBI Life Insurance Company Limited,mainboard,685.0,700.0,,,,2017-09-20,2017-09-22,2017-10-03,12.56,0.7,0.85,3.58,,,false,735.0,707.55
DIAMONDYD-2017-10-05,Prataap Snacks Limited,mainboard,930.0,938.0,,,,2017-09-22,2017-09-26,2017-10-05,76.89,101.15,8.48,47.39,,,false,1270.0,1180.65
GODREJAGRO-2017-10-16,Godrej Agrovet Limited,mainboard,450.0,460.0,,,,2017-10-04,2017-10-06,2017-10-16,150.96,236.04,7.67,95.41,,,false,615.6,595.65
MASFIN-2017-10-18,MAS Financial Services Limited,mainboard,456.0,459.0,,,,2017-10-06,2017-10-10,2017-10-18,148.33,378.53,15.97,128.39,,,false,660.0,654.4
IEX-2017-10-23,Indian Energy Exchange Limited,mainboard,1645.0,1650.0,,,,2017-10-09,2017-10-11,2017-10-23,2.56,0.85,2.61,2.28,,,false,1500.0,1629.15
GICRE-2017-10-25,General Insurance Corporation Of India,mainboard,855.0,912.0,,,,2017-10-11,2017-10-13,2017-10-25,2.25,0.22,0.63,1.38,,,false,850.0,874.3
RNAM-2017-11-06,Reliance Nippon Life Asset Management Limited,mainboard,247.0,252.0,,,,2017-10-25,2017-10-27,2017-11-06,118.4,209.44,5.65,81.54,,,false,295.9,284.4
MAHLOG-2017-11-10,Mahindra Logistics Limited,mainboard,425.0,429.0,,,,2017-10-31,2017-11-02,2017-11-10,15.6,2.07,6.1,7.9,,,false,429.0,429.5
NIACL-2017-11-13,The New India Assurance Company Limited,mainboard,770.0,800.0,,,,2017-11-01,2017-11-03,2017-11-13,2.34,0.12,0.11,1.19,,,false,750.0,727.1
KHADIM-2017-11-14,Khadim India Limited,mainboard,745.0,750.0,,,,2017-11-02,2017-11-06,2017-11-14,2.44,0.18,2.33,1.9,,,false,730.0,688.85
HDFCLIFE-2017-11-17,HDFC Standard Life Insurance Company Limited,mainboard,275.0,290.0,,,,2017-11-07,2017-11-09,2017-11-17,16.6,2.29,0.94,4.9,,,false,310.0,344.6
SHALBY-2017-12-15,Shalby Limited,mainboard,245.0,248.0,,,,2017-12-05,2017-12-07,2017-12-15,4.34,0.42,2.98,2.82,,,false,239.7,239.6
FSC-2017-12-18,Future Supply Chain Solutions Limited,mainboard,660.0,664.0,,,,2017-12-06,2017-12-08,2017-12-18,12.36,11.15,3.28,7.56,,,false,664.0,686.35
NEWGEN-2018-01-29,Newgen Software Technologies Limited,mainboard,240.0,245.0,,,,2018-01-16,2018-01-18,2018-01-29,15.62,5.52,5.18,8.25,,,false,254.1,252.4
AMBER-2018-01-30,Amber Enterprises India Limited,mainboard,855.0,859.0,,,,2018-01-17,2018-01-19,2018-01-30,174.99,519.26,11.65,165.42,,,false,1175.0,1245.25
GALAXYSURF-2018-02-08,Galaxy Surfactants Limited,mainboard,1470.0,1480.0,,,,2018-01-29,2018-01-31,2018-02-08,,,,0.0,,,false,1525.0,1700.45
ASTERDM-2018-02-26,Aster DM Healthcare Limited,mainboard,180.0,190.0,,,,2018-02-12,2018-02-15,2018-02-26,2.1,0.55,1.18,1.31,,,false,183.0,181.55
HGINFRA-2018-03-09,H.G.Infra Engineering Limited,mainboard,263.0,270.0,,,,2018-02-26,2018-02-28,2018-03-09,0.0,0.07,0.84,0.44,,,false,270.0,267.75
SREINFRA-2018-03-21,SREI Infrastructure Finance Limited,mainboard,1000.0,1000.0,,,,2018-02-09,2018-03-07,2018-03-21,,,,0.0,,,false,78.25,80.5
BDL-2018-03-23,Bharat Dynamics Limited,mainboard,413.0,428.0,,,,2018-03-13,2018-03-15,2018-03-23,1.5,0.5,1.41,1.3,,,false,370.0,389.8
BANDHANBNK-2018-03-27,Bandhan Bank Limited,mainboard,370.0,375.0,,,,2018-03-15,2018-03-19,2018-03-27,38.67,13.89,1.2,14.63,,,false,499.0,476.85
HAL-2018-03-28,Hindustan Aeronautics Limited,mainboard,1215.0,1240.0,,,,2018-03-16,2018-03-20,2018-03-28,1.73,0.03,0.39,0.99,,,false,1152.0,1132.85
SANDHAR-2018-04-02,Sandhar Technologies Limited,mainboard,327.0,332.0,,,,2018-03-19,2018-03-21,2018-04-02,14.49,6.39,1.42,6.19,,,false,346.1,322.15
MIDHANI-2018-04-04,Mishra Dhatu Nigam Limited,mainboard,87.0,90.0,,,,2018-03-21,2018-03-23,2018-04-04,1.96,0.12,0.72,1.21,,,false,87.0,90.05
LEMONTREE-2018-04-09,Lemon Tree Hotels Limited,mainboard,54.0,56.0,,,,2018-03-26,2018-03-28,2018-04-09,3.89,0.12,0.12,1.19,,,false,61.6,71.65
DHFL-2018-06-06,Dewan Housing Finance Corporation Limited,mainboard,1000.0,1000.0,,,,2018-05-22,2018-05-24,2018-06-06,,,,0.0,,,false,601.0,604.85
RITES-2018-07-02,RITES Limited,mainboard,180.0,185.0,,,,2018-06-20,2018-06-22,2018-07-02,71.72,194.56,15.74,67.24,,,false,190.0,213.3
FINEORG-2018-07-02,Fine Organic Industries Limited,mainboard,780.0,783.0,,,,2018-06-20,2018-06-22,2018-07-02,12.86,21.01,1.62,8.99,,,false,815.0,822.8
VARROC-2018-07-06,Varroc Engineering Limited,mainboard,965.0,967.0,,,,2018-06-26,2018-06-28,2018-07-06,9.16,2.45,0.95,3.59,,,false,1015.0,1037.35
TCNSBRANDS-2018-07-30,TCNS Clothing Co. Limited,mainboard,714.0,716.0,,,,2018-07-18,2018-07-20,2018-07-30,,,,0.0,,,false,716.0,659.15
HDFCAMC-2018-08-06,HDFC Asset Management Company Limited,mainboard,1095.0,1100.0,,,,2018-07-25,2018-07-27,2018-08-06,192.26,195.15,6.73,83.06,,,false,1726.25,1815.95
IRCON-2018-09-28,Ircon International Limited,mainboard,470.0,475.0,,,,2018-09-17,2018-09-19,2018-09-28,12.29,4.92,10.07,9.9,,,false,412.0,415.3
AAVAS-2018-10-08,Aavas Financiers Limited,mainboard,818.0,821.0,,,,2018-09-25,2018-09-27,2018-10-08,2.77,0.26,0.25,0.97,,,false,750.0,774.35
GRSE-2018-10-10,Garden Reach Shipbuilders & Engineers Limited,mainboard,114.0,118.0,,,,2018-09-24,2018-10-01,2018-10-10,1.81,0.31,0.24,1.02,,,false,102.5,103.3
CHALET-2019-02-07,Chalet Hotels Limited,mainboard,275.0,280.0,,,,2019-01-29,2019-01-31,2019-02-07,4.66,1.1,0.03,1.57,,,false,294.0,291.7
RVNL-2019-04-11,Rail Vikas Nigam Limited,mainboard,17.0,19.0,,,,2019-03-29,2019-04-03,2019-04-11,1.36,0.8,2.93,1.83,,,false,19.0,19.05
METROPOLIS-2019-04-15,Metropolis Healthcare Limited,mainboard,877.0,880.0,,,,2019-04-03,2019-04-05,2019-04-15,,,,,,,false,958.0,959.85
POLYCAB-2019-04-16,Polycab India Limited,mainboard,533.0,538.0,,,,2019-04-05,2019-04-09,2019-04-16,92.44,110.42,4.65,51.96,,,false,633.0,654.8
MAGMA-2019-05-09,Magma Fincorp Limited,mainboard,1000.0,1000.0,,,,2019-04-08,2019-04-30,2019-05-09,,,,0.0,,,false,125.1,128.75
INDIAMART-2019-07-04,IndiaMART InterMESH Limited,mainboard,970.0,973.0,,,,2019-06-24,2019-06-26,2019-07-04,,,,,,,false,1180.0,1301.95
AFFLE-2019-08-08,Affle India Limited,mainboard,740.0,745.0,,,,2019-07-29,2019-07-31,2019-08-08,55.31,198.69,10.96,86.49,,,false,926.0,873.65
SRTRANSFIN-2019-08-26,Shriram Transport Finance Company Limited,mainboard,1000.0,1000.0,,,,2019-07-17,2019-08-16,2019-08-26,,,,0.0,,,false,1035.05,1019.65
IRCTC-2019-10-14,Indian Railway Catering and Tourism Corporation Limited,mainboard,315.0,320.0,,,,2019-09-30,2019-10-03,2019-10-14,108.79,354.52,14.94,111.95,,,false,626.0,727.75
CSBBANK-2019-12-04,CSB Bank Limited,mainboard,193.0,195.0,,,,2019-11-22,2019-11-26,2019-12-04,62.18,164.68,44.53,86.93,,,false,275.0,300.05
UJJIVANSFB-2019-12-12,Ujjivan Small Finance Bank Limited,mainboard,36.0,37.0,,,,2019-12-02,2019-12-04,2019-12-12,110.72,473.0,49.09,165.68,,,false,58.75,55.95
PRINCEPIPE-2019-12-30,Prince Pipes and Fittings Limited,mainboard,177.0,178.0,,,,2019-12-18,2019-12-20,2019-12-30,3.54,1.21,1.89,2.21,,,false,160.0,166.9
SBICARD-2020-03-16,SBI Cards and Payment Services Limited,mainboard,750.0,755.0,,,,2020-03-02,2020-03-05,2020-03-16,,,,0.0,,,false,661.0,681.4
ROSSARI-2020-07-23,Rossari Biotech Limited,mainboard,423.0,425.0,,,,2020-07-13,2020-07-15,2020-07-23,85.26,239.83,7.23,79.37,,,false,669.25,741.65
HAPPSTMNDS-2020-09-17,Happiest Minds Technologies Limited,mainboard,165.0,166.0,,,,2020-09-07,2020-09-09,2020-09-17,77.43,351.46,70.94,150.98,,,false,350.0,370.95
ROUTE-2020-09-21,Route Mobile Limited,mainboard,345.0,350.0,,,,2020-09-09,2020-09-11,2020-09-21,89.76,192.81,12.67,73.3,,,false,717.0,651.3
CHEMCON-2020-10-01,Chemcon Speciality Chemicals Limited,mainboard,338.0,340.0,,,,2020-09-21,2020-09-23,2020-10-01,113.54,449.14,41.21,149.33,,,false,731.0,584.8
ANGELBRKG-2020-10-05,Angel Broking Limited,mainboard,305.0,306.0,,,,2020-09-22,2020-09-24,2020-10-05,5.74,0.69,4.31,3.94,,,false,275.0,275.8
UTIAMC-2020-10-12,UTI Asset Management Company Limited,mainboard,552.0,554.0,,,,2020-09-29,2020-10-01,2020-10-12,3.34,0.93,2.32,2.31,,,false,500.0,476.2
MAZDOCK-2020-10-12,Mazagon Dock Shipbuilders Limited,mainboard,135.0,145.0,,,,2020-09-29,2020-10-01,2020-10-12,89.71,678.88,35.63,157.41,,,false,214.9,171.95
EQUITASBNK-2020-11-02,Equitas Small Finance Bank Limited,mainboard,32.0,33.0,,,,2020-10-20,2020-10-22,2020-11-02,,,,0.0,,,false,31.1,32.8
GLAND-2020-11-20,Gland Pharma Limited,mainboard,1490.0,1500.0,,,,2020-11-09,2020-11-11,2020-11-20,6.4,0.51,0.24,2.06,,,false,1710.0,1819.55
BURGERKING-2020-12-14,Burger King India Limited,mainboard,59.0,60.0,,,,2020-12-02,2020-12-04,2020-12-14,86.64,354.11,68.15,156.65,,,false,112.5,135.0
BECTORFOOD-2020-12-24,Mrs. Bectors Food Specialities Limited,mainboard,286.0,288.0,,,,2020-12-15,2020-12-17,2020-12-24,176.85,620.86,29.33,198.02,,,false,500.0,594.2
